Label,V_AB,V_AD,V_BC,V_CD,V_AC,V_BD
AB_1,0.387,0.73,0.654,0.569,0.629,0.652
AB_1,0.37,0.771,0.669,0.563,0.649,0.666
AB_1,0.385,0.772,0.681,0.571,0.654,0.68
AB_1,0.398,0.789,0.685,0.559,0.644,0.687
AB_1,0.378,0.783,0.693,0.546,0.65,0.686
AB_1,0.362,0.751,0.676,0.569,0.621,0.682
AB_1,0.337,0.734,0.679,0.543,0.609,0.679
AB_1,0.357,0.747,0.69,0.542,0.646,0.702
AB_1,0.41,0.743,0.675,0.561,0.646,0.685
AB_1,0.385,0.76,0.649,0.572,0.63,0.641
AB_2,0.463,0.793,0.622,0.527,0.699,0.604
AB_2,0.463,0.79,0.626,0.526,0.697,0.61
AB_2,0.437,0.809,0.65,0.559,0.692,0.644
AB_2,0.43,0.777,0.615,0.529,0.634,0.607
AB_2,0.44,0.773,0.626,0.531,0.641,0.616
AB_2,0.428,0.816,0.659,0.576,0.71,0.646
AB_2,0.46,0.814,0.618,0.525,0.655,0.6
AB_2,0.482,0.673,0.553,0.475,0.561,0.539
AB_2,0.453,0.687,0.567,0.487,0.563,0.558
AB_2,0.434,0.694,0.586,0.504,0.573,0.585
AB_3,0.329,0.85,0.727,0.528,0.77,0.713
AB_3,0.372,0.81,0.716,0.512,0.748,0.704
AB_3,0.343,0.845,0.715,0.543,0.773,0.716
AB_3,0.37,0.858,0.72,0.522,0.746,0.729
AB_3,0.382,0.896,0.726,0.535,0.725,0.737
AB_3,0.369,0.88,0.742,0.519,0.755,0.739
AB_3,0.36,0.873,0.753,0.501,0.753,0.739
AB_3,0.358,0.838,0.732,0.512,0.745,0.725
AB_3,0.332,0.808,0.706,0.532,0.721,0.699
AB_3,0.341,0.806,0.711,0.521,0.699,0.71
AB_4,0.405,0.908,0.704,0.548,0.784,0.693
AB_4,0.402,0.911,0.723,0.56,0.833,0.721
AB_4,0.406,0.934,0.728,0.535,0.822,0.727
AB_4,0.376,0.894,0.727,0.51,0.788,0.726
AB_4,0.364,0.895,0.728,0.507,0.788,0.726
AB_4,0.369,0.883,0.724,0.511,0.769,0.715
AB_4,0.357,0.863,0.707,0.516,0.728,0.697
AB_4,0.371,0.893,0.702,0.532,0.759,0.718
AB_4,0.415,0.875,0.658,0.572,0.719,0.662
AB_4,0.46,0.894,0.689,0.573,0.75,0.684
BC_1,0.538,0.963,0.701,0.589,0.879,0.682
BC_1,0.515,0.96,0.72,0.58,0.923,0.692
BC_1,0.519,0.99,0.703,0.581,0.862,0.685
BC_1,0.512,0.958,0.702,0.586,0.803,0.689
BC_1,0.516,0.958,0.7,0.598,0.808,0.68
BC_1,0.556,1.049,0.681,0.574,0.821,0.674
BC_1,0.576,1.005,0.671,0.565,0.823,0.655
BC_1,0.542,1.014,0.694,0.586,0.852,0.686
BC_1,0.518,1.009,0.709,0.58,0.836,0.693
BC_1,0.533,1.013,0.719,0.558,0.841,0.706
BC_2,0.473,0.982,0.747,0.528,0.952,0.728
BC_2,0.452,1.002,0.743,0.507,0.925,0.732
BC_2,0.471,0.99,0.746,0.498,0.882,0.739
BC_2,0.485,1.011,0.75,0.493,0.891,0.741
BC_2,0.483,1.01,0.745,0.526,0.877,0.736
BC_2,0.501,1.004,0.742,0.519,0.887,0.734
BC_2,0.494,0.994,0.742,0.515,0.889,0.735
BC_2,0.493,1.01,0.744,0.509,0.869,0.736
BC_2,0.488,0.988,0.745,0.503,0.891,0.742
BC_2,0.51,1.03,0.752,0.483,0.943,0.737
BC_3,0.458,0.955,0.724,0.53,0.92,0.714
BC_3,0.425,0.952,0.722,0.546,0.871,0.712
BC_3,0.455,0.925,0.728,0.52,0.819,0.713
BC_3,0.422,0.938,0.719,0.53,0.833,0.705
BC_3,0.428,0.919,0.715,0.541,0.818,0.7
BC_3,0.451,0.926,0.712,0.539,0.843,0.696
BC_3,0.478,0.957,0.715,0.547,0.85,0.695
BC_3,0.474,0.983,0.725,0.533,0.868,0.714
BC_3,0.446,0.998,0.736,0.549,0.878,0.725
BC_3,0.44,0.975,0.736,0.531,0.872,0.729
BC_4,0.403,0.988,0.754,0.475,0.954,0.74
BC_4,0.424,0.994,0.761,0.494,0.974,0.739
BC_4,0.425,1.009,0.752,0.486,0.903,0.744
BC_4,0.42,1.042,0.754,0.496,0.916,0.74
BC_4,0.413,0.996,0.754,0.494,0.918,0.737
BC_4,0.419,0.987,0.748,0.499,0.904,0.734
BC_4,0.402,0.977,0.746,0.497,0.884,0.73
BC_4,0.419,0.982,0.745,0.503,0.852,0.73
BC_4,0.4,0.952,0.739,0.501,0.861,0.729
BC_4,0.402,0.951,0.739,0.495,0.842,0.731
CD_1,0.363,0.921,0.738,0.484,0.908,0.717
CD_1,0.352,0.934,0.74,0.488,0.899,0.715
CD_1,0.379,0.913,0.737,0.502,0.892,0.713
CD_1,0.384,0.933,0.73,0.495,0.877,0.708
CD_1,0.382,0.92,0.726,0.503,0.867,0.711
CD_1,0.393,0.946,0.725,0.503,0.865,0.709
CD_1,0.394,0.908,0.725,0.486,0.843,0.711
CD_1,0.382,0.93,0.726,0.497,0.851,0.71
CD_1,0.375,0.927,0.726,0.508,0.843,0.711
CD_1,0.388,0.913,0.73,0.486,0.861,0.712
CD_2,0.384,0.897,0.741,0.547,0.864,0.708
CD_2,0.417,0.91,0.729,0.564,0.859,0.709
CD_2,0.392,0.9,0.725,0.564,0.83,0.713
CD_2,0.398,0.925,0.729,0.571,0.824,0.715
CD_2,0.405,0.927,0.726,0.552,0.799,0.718
CD_2,0.423,0.929,0.726,0.56,0.786,0.719
CD_2,0.396,0.923,0.727,0.556,0.822,0.717
CD_2,0.391,0.902,0.728,0.566,0.806,0.714
CD_2,0.388,0.921,0.726,0.569,0.8,0.714
CD_2,0.41,0.9,0.727,0.575,0.811,0.716
CD_3,0.351,0.986,0.746,0.495,0.891,0.729
CD_3,0.376,0.945,0.745,0.477,0.911,0.727
CD_3,0.372,0.95,0.744,0.473,0.905,0.731
CD_3,0.358,0.949,0.743,0.467,0.871,0.728
CD_3,0.346,0.955,0.74,0.476,0.894,0.72
CD_3,0.363,0.949,0.738,0.479,0.828,0.728
CD_3,0.382,0.947,0.733,0.488,0.839,0.726
CD_3,0.369,0.931,0.734,0.491,0.83,0.724
CD_3,0.39,0.965,0.733,0.493,0.83,0.726
CD_3,0.396,0.959,0.735,0.51,0.827,0.725
CD_4,0.416,0.951,0.75,0.532,0.891,0.735
CD_4,0.408,0.934,0.75,0.538,0.851,0.731
CD_4,0.403,0.931,0.745,0.532,0.807,0.731
CD_4,0.388,0.923,0.741,0.529,0.806,0.73
CD_4,0.421,0.927,0.743,0.525,0.778,0.737
CD_4,0.362,0.944,0.739,0.53,0.813,0.732
CD_4,0.367,0.935,0.751,0.509,0.835,0.739
CD_4,0.369,0.946,0.755,0.54,0.826,0.744
CD_4,0.411,0.949,0.754,0.544,0.818,0.734
CD_4,0.405,0.951,0.746,0.537,0.834,0.74
AD_1,0.427,0.937,0.779,0.581,0.864,0.768
AD_1,0.405,0.934,0.792,0.585,0.897,0.768
AD_1,0.417,0.944,0.785,0.601,0.829,0.782
AD_1,0.417,0.95,0.769,0.565,0.808,0.767
AD_1,0.401,0.974,0.769,0.579,0.817,0.766
AD_1,0.412,0.937,0.782,0.591,0.814,0.776
AD_1,0.421,0.946,0.784,0.591,0.844,0.771
AD_1,0.416,0.938,0.783,0.602,0.846,0.772
AD_1,0.457,0.936,0.783,0.613,0.813,0.773
AD_1,0.428,0.953,0.783,0.588,0.811,0.777
AD_2,0.366,0.871,0.769,0.537,0.867,0.753
AD_2,0.38,0.864,0.769,0.533,0.814,0.759
AD_2,0.386,0.88,0.773,0.538,0.793,0.771
AD_2,0.374,0.877,0.777,0.537,0.791,0.758
AD_2,0.38,0.877,0.767,0.526,0.829,0.755
AD_2,0.346,0.862,0.771,0.525,0.82,0.766
AD_2,0.369,0.87,0.782,0.53,0.787,0.778
AD_2,0.356,0.848,0.8,0.553,0.811,0.786
AD_2,0.377,0.907,0.809,0.535,0.784,0.791
AD_2,0.387,0.872,0.795,0.54,0.815,0.793
AD_3,0.341,0.934,0.756,0.51,0.864,0.741
AD_3,0.34,0.923,0.756,0.512,0.866,0.745
AD_3,0.369,0.942,0.768,0.527,0.837,0.763
AD_3,0.378,0.958,0.773,0.53,0.844,0.769
AD_3,0.37,0.947,0.771,0.544,0.831,0.768
AD_3,0.379,0.953,0.761,0.55,0.831,0.755
AD_3,0.35,0.928,0.759,0.526,0.805,0.751
AD_3,0.388,0.952,0.744,0.527,0.817,0.746
AD_3,0.341,0.955,0.765,0.494,0.823,0.757
AD_3,0.354,0.948,0.77,0.509,0.818,0.774
AD_4,0.366,0.916,0.762,0.507,0.868,0.758
AD_4,0.369,0.928,0.762,0.511,0.874,0.756
AD_4,0.352,0.921,0.78,0.511,0.803,0.768
AD_4,0.351,0.939,0.774,0.52,0.783,0.767
AD_4,0.358,0.933,0.773,0.51,0.777,0.757
AD_4,0.252,0.909,1.067,0.507,0.729,1.032
AD_4,0.34,0.9,0.757,0.539,0.769,0.749
AD_4,0.305,0.918,0.743,0.513,0.868,0.724
AD_4,0.32,0.913,0.758,0.524,0.892,0.729
AD_4,0.332,0.92,0.766,0.516,0.918,0.745
